{
'version': '0', 
'id': '10458ac3-707a-9aec-5507-a2491e276a83', 
'detail-type': 'Security Hub Findings - Imported', 
'source': 'aws.securityhub', 
'account': '755880545038', 
'time': '2023-01-18T15:48:36Z', 
'region': 'eu-central-1', 
'resources': ['arn:aws:securityhub:eu-central-1::product/aws/securityhub/arn:aws:securityhub:eu-central-1:755880545038:subscription/pci-dss/v/3.2.1/PCI.Lambda.2/finding/b8c4becf-0b7a-4e3e-8a42-9b5a6dd90d2a'], 
'detail': {
    'findings': [
        {'ProductArn': 'arn:aws:securityhub:eu-central-1::product/aws/securityhub',
            'Types': ['Software and Configuration Checks/Industry and Regulatory Standards/PCI-DSS'],
            'Description': 'This AWS control checks whether a Lambda function is in a VPC.',
            'Compliance': {'Status': 'PASSED',
                'RelatedRequirements': ['PCI DSS 1.2.1', 'PCI DSS 1.3.1', 'PCI DSS 1.3.2', 'PCI DSS 1.3.4']},
            'ProductName': 'Security Hub',
            'FirstObservedAt': '2023-01-05T19:40:19.349Z',
            'CreatedAt': '2023-01-05T19:40:19.349Z',
            'LastObservedAt': '2023-01-18T15:48:29.084Z',
            'CompanyName': 'AWS', 'FindingProviderFields': {'Types': ['Software and Configuration Checks/Industry and Regulatory Standards/PCI-DSS'], 'Severity': {'Normalized': 0, 'Label': 'INFORMATIONAL', 'Product': 0, 'Original': 'INFORMATIONAL'}},
            'ProductFields': {'StandardsArn': 'arn:aws:securityhub:::standards/pci-dss/v/3.2.1', 'StandardsSubscriptionArn': 'arn:aws:securityhub:eu-central-1:755880545038:subscription/pci-dss/v/3.2.1', 'ControlId': 'PCI.Lambda.2', 'RecommendationUrl': 'https://docs.aws.amazon.com/console/securityhub/PCI.Lambda.2/remediation', 'RelatedAWSResources:0/name': 'securityhub-lambda-inside-vpc-5883897a', 'RelatedAWSResources:0/type': 'AWS::Config::ConfigRule', 'StandardsControlArn': 'arn:aws:securityhub:eu-central-1:755880545038:control/pci-dss/v/3.2.1/PCI.Lambda.2', 'aws/securityhub/ProductName': 'Security Hub', 'aws/securityhub/CompanyName': 'AWS', 'Resources:0/Id': 'arn:aws:lambda:eu-central-1:755880545038:function:aes-siem-es-loader', 'aws/securityhub/FindingId': 'arn:aws:securityhub:eu-central-1::product/aws/securityhub/arn:aws:securityhub:eu-central-1:755880545038:subscription/pci-dss/v/3.2.1/PCI.Lambda.2/finding/b8c4becf-0b7a-4e3e-8a42-9b5a6dd90d2a'}, 'Remediation': {'Recommendation': {'Text': 'For directions on how to fix this issue, consult the AWS Security Hub PCI DSS documentation.', 'Url': 'https://docs.aws.amazon.com/console/securityhub/PCI.Lambda.2/remediation'}}, 'SchemaVersion': '2018-10-08', 'GeneratorId': 'pci-dss/v/3.2.1/PCI.Lambda.2', 'RecordState': 'ACTIVE', 'Title': 'PCI.Lambda.2 Lambda functions should be in a VPC', 'Workflow': {'Status': 'RESOLVED'}, 'Severity': {'Normalized': 0, 'Label': 'INFORMATIONAL', 'Product': 0, 'Original': 'INFORMATIONAL'}, 'UpdatedAt': '2023-01-18T15:48:25.535Z', 'WorkflowState': 'NEW', 'AwsAccountId': '755880545038', 'Region': 'eu-central-1', 'Id': 'arn:aws:securityhub:eu-central-1:755880545038:subscription/pci-dss/v/3.2.1/PCI.Lambda.2/finding/b8c4becf-0b7a-4e3e-8a42-9b5a6dd90d2a', 'Resources': [{'Partition': 'aws', 'Type': 'AwsLambdaFunction', 'Details': {'AwsLambdaFunction': {'MemorySize': 2048, 'TracingConfig': {'Mode': 'PassThrough'}, 'VpcConfig': {'SubnetIds': ['subnet-0db93f2b59d7d1347', 'subnet-01abc5fea71600b43', 'subnet-00dd34951ce1d0066'], 'SecurityGroupIds': ['sg-0950ec59d9349e2ef']}, 'DeadLetterConfig': {'TargetArn': 'arn:aws:sqs:eu-central-1:755880545038:aes-siem-dlq'}, 'Timeout': 600, 'Handler': 'index.lambda_handler', 'CodeSha256': 'CfDjZjh+Rqsce6FrV2JJn/kk1r7bq4rJDC5IPvOqye8=', 'RevisionId': '5be03906-a96d-44e1-9434-f6b55b85aa82', 'LastModified': '2023-01-05T19:38:29.770Z', 'Role': 'arn:aws:iam::755880545038:role/DeploySiemStageProd-CNNAe-LambdaEsLoaderServiceRol-JF1LW4EDGR7U', 'FunctionName': 'aes-siem-es-loader', 'Runtime': 'python3.8', 'Version': '$LATEST'}}, 'Region': 'eu-central-1', 'Id': 'arn:aws:lambda:eu-central-1:755880545038:function:aes-siem-es-loader'}]}]}, 'cwe_timestamp': None, '@message': '{\"version\":\"0\",\"id\":\"10458ac3-707a-9aec-5507-a2491e276a83\",\"detail-type\":\"Security Hub Findings - Imported\",\"source\":\"aws.securityhub\",\"account\":\"755880545038\",\"time\":\"2023-01-18T15:48:36Z\",\"region\":\"eu-central-1\",\"resources\":[\"arn:aws:securityhub:eu-central-1::product/aws/securityhub/arn:aws:securityhub:eu-central-1:755880545038:subscription/pci-dss/v/3.2.1/PCI.Lambda.2/finding/b8c4becf-0b7a-4e3e-8a42-9b5a6dd90d2a\"],\"detail\":{\"findings\":[{\"ProductArn\":\"arn:aws:securityhub:eu-central-1::product/aws/securityhub\",\"Types\":[\"Software and Configuration Checks/Industry and Regulatory Standards/PCI-DSS\"],\"Description\":\"This AWS control checks whether a Lambda function is in a VPC.\",\"Compliance\":{\"Status\":\"PASSED\",\"RelatedRequirements\":[\"PCI DSS 1.2.1\",\"PCI DSS 1.3.1\",\"PCI DSS 1.3.2\",\"PCI DSS 1.3.4\"]},\"ProductName\":\"Security Hub\",\"FirstObservedAt\":\"2023-01-05T19:40:19.349Z\",\"CreatedAt\":\"2023-01-05T19:40:19.349Z\",\"LastObservedAt\":\"2023-01-18T15:48:29.084Z\",\"CompanyName\":\"AWS\",\"FindingProviderFields\":{\"Types\":[\"Software and Configuration Checks/Industry and Regulatory Standards/PCI-DSS\"],\"Severity\":{\"Normalized\":0,\"Label\":\"INFORMATIONAL\",\"Product\":0,\"Original\":\"INFORMATIONAL\"}},\"ProductFields\":{\"StandardsArn\":\"arn:aws:securityhub:::standards/pci-dss/v/3.2.1\",\"StandardsSubscriptionArn\":\"arn:aws:securityhub:eu-central-1:755880545038:subscription/pci-dss/v/3.2.1\",\"ControlId\":\"PCI.Lambda.2\",\"RecommendationUrl\":\"https://docs.aws.amazon.com/console/securityhub/PCI.Lambda.2/remediation\",\"RelatedAWSResources:0/name\":\"securityhub-lambda-inside-vpc-5883897a\",\"RelatedAWSResources:0/type\":\"AWS::Config::ConfigRule\",\"StandardsControlArn\":\"arn:aws:securityhub:eu-central-1:755880545038:control/pci-dss/v/3.2.1/PCI.Lambda.2\",\"aws/securityhub/ProductName\":\"Security Hub\",\"aws/securityhub/CompanyName\":\"AWS\",\"Resources:0/Id\":\"arn:aws:lambda:eu-central-1:755880545038:function:aes-siem-es-loader\",\"aws/securityhub/FindingId\":\"arn:aws:securityhub:eu-central-1::product/aws/securityhub/arn:aws:securityhub:eu-central-1:755880545038:subscription/pci-dss/v/3.2.1/PCI.Lambda.2/finding/b8c4becf-0b7a-4e3e-8a42-9b5a6dd90d2a\"},\"Remediation\":{\"Recommendation\":{\"Text\":\"For directions on how to fix this issue, consult the AWS Security Hub PCI DSS documentation.\",\"Url\":\"https://docs.aws.amazon.com/console/securityhub/PCI.Lambda.2/remediation\"}},\"SchemaVersion\":\"2018-10-08\",\"GeneratorId\":\"pci-dss/v/3.2.1/PCI.Lambda.2\",\"RecordState\":\"ACTIVE\",\"Title\":\"PCI.Lambda.2 Lambda functions should be in a VPC\",\"Workflow\":{\"Status\":\"RESOLVED\"},\"Severity\":{\"Normalized\":0,\"Label\":\"INFORMATIONAL\",\"Product\":0,\"Original\":\"INFORMATIONAL\"},\"UpdatedAt\":\"2023-01-18T15:48:25.535Z\",\"WorkflowState\":\"NEW\",\"AwsAccountId\":\"755880545038\",\"Region\":\"eu-central-1\",\"Id\":\"arn:aws:securityhub:eu-central-1:755880545038:subscription/pci-dss/v/3.2.1/PCI.Lambda.2/finding/b8c4becf-0b7a-4e3e-8a42-9b5a6dd90d2a\",\"Resources\":[{\"Partition\":\"aws\",\"Type\":\"AwsLambdaFunction\",\"Details\":{\"AwsLambdaFunction\":{\"MemorySize\":2048,\"TracingConfig\":{\"Mode\":\"PassThrough\"},\"VpcConfig\":{\"SubnetIds\":[\"subnet-0db93f2b59d7d1347\",\"subnet-01abc5fea71600b43\",\"subnet-00dd34951ce1d0066\"],\"SecurityGroupIds\":[\"sg-0950ec59d9349e2ef\"]},\"DeadLetterConfig\":{\"TargetArn\":\"arn:aws:sqs:eu-central-1:755880545038:aes-siem-dlq\"},\"Timeout\":600,\"Handler\":\"index.lambda_handler\",\"CodeSha256\":\"CfDjZjh+Rqsce6FrV2JJn/kk1r7bq4rJDC5IPvOqye8=\",\"RevisionId\":\"5be03906-a96d-44e1-9434-f6b55b85aa82\",\"LastModified\":\"2023-01-05T19:38:29.770Z\",\"Role\":\"arn:aws:iam::755880545038:role/DeploySiemStageProd-CNNAe-LambdaEsLoaderServiceRol-JF1LW4EDGR7U\",\"FunctionName\":\"aes-siem-es-loader\",\"Runtime\":\"python3.8\",\"Version\":\"$LATEST\"}},\"Region\":\"eu-central-1\",\"Id\":\"arn:aws:lambda:eu-central-1:755880545038:function:aes-siem-es-loader\"}]}]}}', '@timestamp': '2023-01-18T15:48:36+00:00', '@log_type': 'securityhub', '@log_s3bucket': 'cnn-core-log-euc1-s3-cnn-siem-log', '@log_s3key': 'AWSLogs/755880545038/SecurityHub/eu-central-1/2023/01/18/15/aes-siem-firehose-securityhub-4-2023-01-18-15-48-36-de28432a-5a29-4a2b-b140-e26fbd2814ac', '@log_group': '/aws/events/security_hub_events', '@log_stream': 'd92f11a5-66aa-342c-b833-fa256ef28b91', 'event': {'module': 'securityhub', 'ingested': '2023-01-18T15:54:34.179967+00:00', 'kind': 'alert', 'category': ['intrusion_detection']}, '@id': '10458ac3-707a-9aec-5507-a2491e276a83', 'ecs': {'version': '1.10.0'}, 'cloud': {'provider': 'aws', 'account': {'id': '755880545038'}, 'region': 'eu-central-1'}}